Matching Names

1. 
jz nja khk : http://wiki.linked.earth/JZ_NJA,_KHK
mas khk : http://wiki.linked.earth/MAS_KHK
hong yan khk : http://wiki.linked.earth/Hong_Yan_KHK
cs khk : http://wiki.linked.earth/CS_KHK
khk : http://wiki.linked.earth/KHK

2. 
wu : http://wiki.linked.earth/Wu
wu kld : http://wiki.linked.earth/Wu_KLD
cs mne : http://wiki.linked.earth/CS_MNE
henry wu : http://wiki.linked.earth/Henry_Wu
hlf mne : http://wiki.linked.earth/HLF_MNE
stevenson kld : http://wiki.linked.earth/Stevenson_KLD
kld cs : http://wiki.linked.earth/KLD_CS
mne : http://wiki.linked.earth/MNE
kld : http://wiki.linked.earth/KLD
henry wu mne : http://wiki.linked.earth/Henry_Wu_MNE
wu kja : http://wiki.linked.earth/Wu_KJA
hvm mne : http://wiki.linked.earth/HVM_MNE
wu kld mne : http://wiki.linked.earth/Wu_KLD,_MNE
jt henry wu : http://wiki.linked.earth/JT_Henry_Wu
hc wu : http://wiki.linked.earth/H.C_Wu

3. 
gl pgm : http://wiki.linked.earth/GL_PGM
pgm : http://wiki.linked.earth/PGM
jaa : http://wiki.linked.earth/JAA
pgm jaa : http://wiki.linked.earth/PGM_JAA

4. 
jz : http://wiki.linked.earth/JZ
jz nja khk : http://wiki.linked.earth/JZ_NJA,_KHK
nja : http://wiki.linked.earth/NJA
ally may nja : http://wiki.linked.earth/Ally_May_NJA
jz cs : http://wiki.linked.earth/JZ_CS

5. 
quinn : http://wiki.linked.earth/Quinn
tm quinn : http://wiki.linked.earth/T.M_Quinn
tm quinn : http://wiki.linked.earth/T.M._Quinn

6. 
youbin sun : http://wiki.linked.earth/Youbin_Sun
sun : http://wiki.linked.earth/Sun
qing sun : http://wiki.linked.earth/Qing_Sun
y sun : http://wiki.linked.earth/Y._Sun

7. 
mas : http://wiki.linked.earth/MAS
mas khk : http://wiki.linked.earth/MAS_KHK

8. 
ocean2k saenger : http://wiki.linked.earth/Ocean2k_Saenger
ocean2k : http://wiki.linked.earth/Ocean2k

9. 
gl : http://wiki.linked.earth/GL
gl pgm : http://wiki.linked.earth/GL_PGM

10. 
bs jj : http://wiki.linked.earth/BS_JJ
bs : http://wiki.linked.earth/BS
mf bs mb mirs : http://wiki.linked.earth/MF_BS,_MB,_MirS
mf bs : http://wiki.linked.earth/MF_BS

11. 
horton cs : http://wiki.linked.earth/Horton_CS
cs : http://wiki.linked.earth/CS
cs mne : http://wiki.linked.earth/CS_MNE
kld cs : http://wiki.linked.earth/KLD_CS
cs khk : http://wiki.linked.earth/CS_KHK
jz cs : http://wiki.linked.earth/JZ_CS
cs jackson : http://wiki.linked.earth/C.S._Jackson

12. 
jb : http://wiki.linked.earth/JB
hl jb : http://wiki.linked.earth/HL_JB

13. 
hlf mne : http://wiki.linked.earth/HLF_MNE
hlf : http://wiki.linked.earth/HLF

14. 
mss : http://wiki.linked.earth/MSS
mss hui jiang : http://wiki.linked.earth/MSS_Hui_Jiang

15. 
linsley : http://wiki.linked.earth/Linsley
bk linsley : http://wiki.linked.earth/B.K._Linsley
braddock k linsley : http://wiki.linked.earth/Braddock_K._Linsley

16. 
ejs jww : http://wiki.linked.earth/EJS_JWW
ejs : http://wiki.linked.earth/EJS

17. 
h kuhnert : http://wiki.linked.earth/H._Kuhnert
kuhnert : http://wiki.linked.earth/Kuhnert
henning kuhnert : http://wiki.linked.earth/Henning_Kuhnert

18. 
hvm mne : http://wiki.linked.earth/HVM_MNE
hvm : http://wiki.linked.earth/HVM

19. 
thomas felis : http://wiki.linked.earth/Thomas_Felis
felis : http://wiki.linked.earth/Felis

20. 
ve kja : http://wiki.linked.earth/VE_KJA
ve : http://wiki.linked.earth/VE


